support;itemsets;length;count
0.42857142857142855;skincare;1;12
0.39285714285714285;makanan;1;11
0.35714285714285715;hiburan digital;1;10
0.21428571428571427;minuman;1;6
0.17857142857142858;nongkrong;1;5
0.14285714285714285;skincare, hiburan digital;2;4
0.10714285714285714;makanan, hiburan digital;2;3
0.10714285714285714;makanan, skincare;2;3
